cellID,cx,cy,n1,n2,n3,n4,nbr12,nbr23,nbr34,nbr41,n12x,n12y,n23x,n23y,n34x,n34y,n41x,n41y
0,-0.4736842105263158,-0.4736842105263158,0,1,21,20,-1,1,19,-1,0,-1,1,0,0,1,-1,0
1,-0.42105263157894735,-0.4736842105263158,1,2,22,21,-1,2,20,0,0,-1,1,0,0,1,-1,0
2,-0.368421052631579,-0.4736842105263158,2,3,23,22,-1,3,21,1,0,-1,1,0,0,1,-1,0
3,-0.3157894736842105,-0.4736842105263158,3,4,24,23,-1,4,22,2,0,-1,1,0,0,1,-1,0
4,-0.26315789473684215,-0.4736842105263158,4,5,25,24,-1,5,23,3,0,-1,1,0,0,1,-1,0
5,-0.2105263157894737,-0.4736842105263158,5,6,26,25,-1,6,24,4,0,-1,1,0,0,1,-1,0
6,-0.15789473684210528,-0.4736842105263158,6,7,27,26,-1,7,25,5,0,-1,1,0,0,1,-1,0
7,-0.10526315789473686,-0.4736842105263158,7,8,28,27,-1,8,26,6,0,-1,1,0,0,1,-1,0
8,-0.052631578947368446,-0.4736842105263158,8,9,29,28,-1,9,27,7,0,-1,1,0,0,1,-1,0
9,-2.7755575615628914e-17,-0.4736842105263158,9,10,30,29,-1,10,28,8,0,-1,1,0,0,1,-1,0
10,0.05263157894736842,-0.4736842105263158,10,11,31,30,-1,11,29,9,0,-1,1,0,0,1,-1,0
11,0.10526315789473684,-0.4736842105263158,11,12,32,31,-1,12,30,10,0,-1,1,0,0,1,-1,0
12,0.1578947368421052,-0.4736842105263158,12,13,33,32,-1,13,31,11,0,-1,1,0,0,1,-1,0
13,0.21052631578947362,-0.4736842105263158,13,14,34,33,-1,14,32,12,0,-1,1,0,0,1,-1,0
14,0.2631578947368421,-0.4736842105263158,14,15,35,34,-1,15,33,13,0,-1,1,0,0,1,-1,0
15,0.3157894736842105,-0.4736842105263158,15,16,36,35,-1,16,34,14,0,-1,1,0,0,1,-1,0
16,0.36842105263157887,-0.4736842105263158,16,17,37,36,-1,17,35,15,0,-1,1,0,0,1,-1,0
17,0.4210526315789473,-0.4736842105263158,17,18,38,37,-1,18,36,16,0,-1,1,0,0,1,-1,0
18,0.47368421052631576,-0.4736842105263158,18,19,39,38,-1,-1,37,17,0,-1,1,0,0,1,-1,0
19,-0.4736842105263158,-0.42105263157894735,20,21,41,40,0,20,38,-1,0,-1,1,0,0,1,-1,0
20,-0.42105263157894735,-0.42105263157894735,21,22,42,41,1,21,39,19,0,-1,1,0,0,1,-1,0
21,-0.368421052631579,-0.42105263157894735,22,23,43,42,2,22,40,20,0,-1,1,0,0,1,-1,0
22,-0.3157894736842105,-0.42105263157894735,23,24,44,43,3,23,41,21,0,-1,1,0,0,1,-1,0
23,-0.26315789473684215,-0.42105263157894735,24,25,45,44,4,24,42,22,0,-1,1,0,0,1,-1,0
24,-0.2105263157894737,-0.42105263157894735,25,26,46,45,5,25,43,23,0,-1,1,0,0,1,-1,0
25,-0.15789473684210528,-0.42105263157894735,26,27,47,46,6,26,44,24,0,-1,1,0,0,1,-1,0
26,-0.10526315789473686,-0.42105263157894735,27,28,48,47,7,27,45,25,0,-1,1,0,0,1,-1,0
27,-0.052631578947368446,-0.42105263157894735,28,29,49,48,8,28,46,26,0,-1,1,0,0,1,-1,0
28,-2.7755575615628914e-17,-0.42105263157894735,29,30,50,49,9,29,47,27,0,-1,1,0,0,1,-1,0
29,0.05263157894736842,-0.42105263157894735,30,31,51,50,10,30,48,28,0,-1,1,0,0,1,-1,0
30,0.10526315789473684,-0.42105263157894735,31,32,52,51,11,31,49,29,0,-1,1,0,0,1,-1,0
31,0.1578947368421052,-0.42105263157894735,32,33,53,52,12,32,50,30,0,-1,1,0,0,1,-1,0
32,0.21052631578947362,-0.42105263157894735,33,34,54,53,13,33,51,31,0,-1,1,0,0,1,-1,0
33,0.2631578947368421,-0.42105263157894735,34,35,55,54,14,34,52,32,0,-1,1,0,0,1,-1,0
34,0.3157894736842105,-0.42105263157894735,35,36,56,55,15,35,53,33,0,-1,1,0,0,1,-1,0
35,0.36842105263157887,-0.42105263157894735,36,37,57,56,16,36,54,34,0,-1,1,0,0,1,-1,0
36,0.4210526315789473,-0.42105263157894735,37,38,58,57,17,37,55,35,0,-1,1,0,0,1,-1,0
37,0.47368421052631576,-0.42105263157894735,38,39,59,58,18,-1,56,36,0,-1,1,0,0,1,-1,0
38,-0.4736842105263158,-0.368421052631579,40,41,61,60,19,39,57,-1,0,-1,1,0,0,1,-1,0
39,-0.42105263157894735,-0.368421052631579,41,42,62,61,20,40,58,38,0,-1,1,0,0,1,-1,0
40,-0.368421052631579,-0.368421052631579,42,43,63,62,21,41,59,39,0,-1,1,0,0,1,-1,0
41,-0.3157894736842105,-0.368421052631579,43,44,64,63,22,42,60,40,0,-1,1,0,0,1,-1,0
42,-0.26315789473684215,-0.368421052631579,44,45,65,64,23,43,61,41,0,-1,1,0,0,1,-1,0
43,-0.2105263157894737,-0.368421052631579,45,46,66,65,24,44,62,42,0,-1,1,0,0,1,-1,0
44,-0.15789473684210528,-0.368421052631579,46,47,67,66,25,45,63,43,0,-1,1,0,0,1,-1,0
45,-0.10526315789473686,-0.368421052631579,47,48,68,67,26,46,64,44,0,-1,1,0,0,1,-1,0
46,-0.052631578947368446,-0.368421052631579,48,49,69,68,27,47,65,45,0,-1,1,0,0,1,-1,0
47,-2.7755575615628914e-17,-0.368421052631579,49,50,70,69,28,48,66,46,0,-1,1,0,0,1,-1,0
48,0.05263157894736842,-0.368421052631579,50,51,71,70,29,49,67,47,0,-1,1,0,0,1,-1,0
49,0.10526315789473684,-0.368421052631579,51,52,72,71,30,50,68,48,0,-1,1,0,0,1,-1,0
50,0.1578947368421052,-0.368421052631579,52,53,73,72,31,51,69,49,0,-1,1,0,0,1,-1,0
51,0.21052631578947362,-0.368421052631579,53,54,74,73,32,52,70,50,0,-1,1,0,0,1,-1,0
52,0.2631578947368421,-0.368421052631579,54,55,75,74,33,53,71,51,0,-1,1,0,0,1,-1,0
53,0.3157894736842105,-0.368421052631579,55,56,76,75,34,54,72,52,0,-1,1,0,0,1,-1,0
54,0.36842105263157887,-0.368421052631579,56,57,77,76,35,55,73,53,0,-1,1,0,0,1,-1,0
55,0.4210526315789473,-0.368421052631579,57,58,78,77,36,56,74,54,0,-1,1,0,0,1,-1,0
56,0.47368421052631576,-0.368421052631579,58,59,79,78,37,-1,75,55,0,-1,1,0,0,1,-1,0
57,-0.4736842105263158,-0.3157894736842105,60,61,81,80,38,58,76,-1,0,-1,1,0,0,1,-1,0
58,-0.42105263157894735,-0.3157894736842105,61,62,82,81,39,59,77,57,0,-1,1,0,0,1,-1,0
59,-0.368421052631579,-0.3157894736842105,62,63,83,82,40,60,78,58,0,-1,1,0,0,1,-1,0
60,-0.3157894736842105,-0.3157894736842105,63,64,84,83,41,61,79,59,0,-1,1,0,0,1,-1,0
61,-0.26315789473684215,-0.3157894736842105,64,65,85,84,42,62,80,60,0,-1,1,0,0,1,-1,0
62,-0.2105263157894737,-0.3157894736842105,65,66,86,85,43,63,81,61,0,-1,1,0,0,1,-1,0
63,-0.15789473684210528,-0.3157894736842105,66,67,87,86,44,64,82,62,0,-1,1,0,0,1,-1,0
64,-0.10526315789473686,-0.3157894736842105,67,68,88,87,45,65,83,63,0,-1,1,0,0,1,-1,0
65,-0.052631578947368446,-0.3157894736842105,68,69,89,88,46,66,84,64,0,-1,1,0,0,1,-1,0
66,-2.7755575615628914e-17,-0.3157894736842105,69,70,90,89,47,67,85,65,0,-1,1,0,0,1,-1,0
67,0.05263157894736842,-0.3157894736842105,70,71,91,90,48,68,86,66,0,-1,1,0,0,1,-1,0
68,0.10526315789473684,-0.3157894736842105,71,72,92,91,49,69,87,67,0,-1,1,0,0,1,-1,0
69,0.1578947368421052,-0.3157894736842105,72,73,93,92,50,70,88,68,0,-1,1,0,0,1,-1,0
70,0.21052631578947362,-0.3157894736842105,73,74,94,93,51,71,89,69,0,-1,1,0,0,1,-1,0
71,0.2631578947368421,-0.3157894736842105,74,75,95,94,52,72,90,70,0,-1,1,0,0,1,-1,0
72,0.3157894736842105,-0.3157894736842105,75,76,96,95,53,73,91,71,0,-1,1,0,0,1,-1,0
73,0.36842105263157887,-0.3157894736842105,76,77,97,96,54,74,92,72,0,-1,1,0,0,1,-1,0
74,0.4210526315789473,-0.3157894736842105,77,78,98,97,55,75,93,73,0,-1,1,0,0,1,-1,0
75,0.47368421052631576,-0.3157894736842105,78,79,99,98,56,-1,94,74,0,-1,1,0,0,1,-1,0
76,-0.4736842105263158,-0.26315789473684215,80,81,101,100,57,77,95,-1,0,-1,1,0,0,1,-1,0
77,-0.42105263157894735,-0.26315789473684215,81,82,102,101,58,78,96,76,0,-1,1,0,0,1,-1,0
78,-0.368421052631579,-0.26315789473684215,82,83,103,102,59,79,97,77,0,-1,1,0,0,1,-1,0
79,-0.3157894736842105,-0.26315789473684215,83,84,104,103,60,80,98,78,0,-1,1,0,0,1,-1,0
80,-0.26315789473684215,-0.26315789473684215,84,85,105,104,61,81,99,79,0,-1,1,0,0,1,-1,0
81,-0.2105263157894737,-0.26315789473684215,85,86,106,105,62,82,100,80,0,-1,1,0,0,1,-1,0
82,-0.15789473684210528,-0.26315789473684215,86,87,107,106,63,83,101,81,0,-1,1,0,0,1,-1,0
83,-0.10526315789473686,-0.26315789473684215,87,88,108,107,64,84,102,82,0,-1,1,0,0,1,-1,0
84,-0.052631578947368446,-0.26315789473684215,88,89,109,108,65,85,103,83,0,-1,1,0,0,1,-1,0
85,-2.7755575615628914e-17,-0.26315789473684215,89,90,110,109,66,86,104,84,0,-1,1,0,0,1,-1,0
86,0.05263157894736842,-0.26315789473684215,90,91,111,110,67,87,105,85,0,-1,1,0,0,1,-1,0
87,0.10526315789473684,-0.26315789473684215,91,92,112,111,68,88,106,86,0,-1,1,0,0,1,-1,0
88,0.1578947368421052,-0.26315789473684215,92,93,113,112,69,89,107,87,0,-1,1,0,0,1,-1,0
89,0.21052631578947362,-0.26315789473684215,93,94,114,113,70,90,108,88,0,-1,1,0,0,1,-1,0
90,0.2631578947368421,-0.26315789473684215,94,95,115,114,71,91,109,89,0,-1,1,0,0,1,-1,0
91,0.3157894736842105,-0.26315789473684215,95,96,116,115,72,92,110,90,0,-1,1,0,0,1,-1,0
92,0.36842105263157887,-0.26315789473684215,96,97,117,116,73,93,111,91,0,-1,1,0,0,1,-1,0
93,0.4210526315789473,-0.26315789473684215,97,98,118,117,74,94,112,92,0,-1,1,0,0,1,-1,0
94,0.47368421052631576,-0.26315789473684215,98,99,119,118,75,-1,113,93,0,-1,1,0,0,1,-1,0
95,-0.4736842105263158,-0.2105263157894737,100,101,121,120,76,96,114,-1,0,-1,1,0,0,1,-1,0
96,-0.42105263157894735,-0.2105263157894737,101,102,122,121,77,97,115,95,0,-1,1,0,0,1,-1,0
97,-0.368421052631579,-0.2105263157894737,102,103,123,122,78,98,116,96,0,-1,1,0,0,1,-1,0
98,-0.3157894736842105,-0.2105263157894737,103,104,124,123,79,99,117,97,0,-1,1,0,0,1,-1,0
99,-0.26315789473684215,-0.2105263157894737,104,105,125,124,80,100,118,98,0,-1,1,0,0,1,-1,0
100,-0.2105263157894737,-0.2105263157894737,105,106,126,125,81,101,119,99,0,-1,1,0,0,1,-1,0
101,-0.15789473684210528,-0.2105263157894737,106,107,127,126,82,102,120,100,0,-1,1,0,0,1,-1,0
102,-0.10526315789473686,-0.2105263157894737,107,108,128,127,83,103,121,101,0,-1,1,0,0,1,-1,0
103,-0.052631578947368446,-0.2105263157894737,108,109,129,128,84,104,122,102,0,-1,1,0,0,1,-1,0
104,-2.7755575615628914e-17,-0.2105263157894737,109,110,130,129,85,105,123,103,0,-1,1,0,0,1,-1,0
105,0.05263157894736842,-0.2105263157894737,110,111,131,130,86,106,124,104,0,-1,1,0,0,1,-1,0
106,0.10526315789473684,-0.2105263157894737,111,112,132,131,87,107,125,105,0,-1,1,0,0,1,-1,0
107,0.1578947368421052,-0.2105263157894737,112,113,133,132,88,108,126,106,0,-1,1,0,0,1,-1,0
108,0.21052631578947362,-0.2105263157894737,113,114,134,133,89,109,127,107,0,-1,1,0,0,1,-1,0
109,0.2631578947368421,-0.2105263157894737,114,115,135,134,90,110,128,108,0,-1,1,0,0,1,-1,0
110,0.3157894736842105,-0.2105263157894737,115,116,136,135,91,111,129,109,0,-1,1,0,0,1,-1,0
111,0.36842105263157887,-0.2105263157894737,116,117,137,136,92,112,130,110,0,-1,1,0,0,1,-1,0
112,0.4210526315789473,-0.2105263157894737,117,118,138,137,93,113,131,111,0,-1,1,0,0,1,-1,0
113,0.47368421052631576,-0.2105263157894737,118,119,139,138,94,-1,132,112,0,-1,1,0,0,1,-1,0
114,-0.4736842105263158,-0.15789473684210528,120,121,141,140,95,115,133,-1,0,-1,1,0,0,1,-1,0
115,-0.42105263157894735,-0.15789473684210528,121,122,142,141,96,116,134,114,0,-1,1,0,0,1,-1,0
116,-0.368421052631579,-0.15789473684210528,122,123,143,142,97,117,135,115,0,-1,1,0,0,1,-1,0
117,-0.3157894736842105,-0.15789473684210528,123,124,144,143,98,118,136,116,0,-1,1,0,0,1,-1,0
118,-0.26315789473684215,-0.15789473684210528,124,125,145,144,99,119,137,117,0,-1,1,0,0,1,-1,0
119,-0.2105263157894737,-0.15789473684210528,125,126,146,145,100,120,138,118,0,-1,1,0,0,1,-1,0
120,-0.15789473684210528,-0.15789473684210528,126,127,147,146,101,121,139,119,0,-1,1,0,0,1,-1,0
121,-0.10526315789473686,-0.15789473684210528,127,128,148,147,102,122,140,120,0,-1,1,0,0,1,-1,0
122,-0.052631578947368446,-0.15789473684210528,128,129,149,148,103,123,141,121,0,-1,1,0,0,1,-1,0
123,-2.7755575615628914e-17,-0.15789473684210528,129,130,150,149,104,124,142,122,0,-1,1,0,0,1,-1,0
124,0.05263157894736842,-0.15789473684210528,130,131,151,150,105,125,143,123,0,-1,1,0,0,1,-1,0
125,0.10526315789473684,-0.15789473684210528,131,132,152,151,106,126,144,124,0,-1,1,0,0,1,-1,0
126,0.1578947368421052,-0.15789473684210528,132,133,153,152,107,127,145,125,0,-1,1,0,0,1,-1,0
127,0.21052631578947362,-0.15789473684210528,133,134,154,153,108,128,146,126,0,-1,1,0,0,1,-1,0
128,0.2631578947368421,-0.15789473684210528,134,135,155,154,109,129,147,127,0,-1,1,0,0,1,-1,0
129,0.3157894736842105,-0.15789473684210528,135,136,156,155,110,130,148,128,0,-1,1,0,0,1,-1,0
130,0.36842105263157887,-0.15789473684210528,136,137,157,156,111,131,149,129,0,-1,1,0,0,1,-1,0
131,0.4210526315789473,-0.15789473684210528,137,138,158,157,112,132,150,130,0,-1,1,0,0,1,-1,0
132,0.47368421052631576,-0.15789473684210528,138,139,159,158,113,-1,151,131,0,-1,1,0,0,1,-1,0
133,-0.4736842105263158,-0.10526315789473686,140,141,161,160,114,134,152,-1,0,-1,1,0,0,1,-1,0
134,-0.42105263157894735,-0.10526315789473686,141,142,162,161,115,135,153,133,0,-1,1,0,0,1,-1,0
135,-0.368421052631579,-0.10526315789473686,142,143,163,162,116,136,154,134,0,-1,1,0,0,1,-1,0
136,-0.3157894736842105,-0.10526315789473686,143,144,164,163,117,137,155,135,0,-1,1,0,0,1,-1,0
137,-0.26315789473684215,-0.10526315789473686,144,145,165,164,118,138,156,136,0,-1,1,0,0,1,-1,0
138,-0.2105263157894737,-0.10526315789473686,145,146,166,165,119,139,157,137,0,-1,1,0,0,1,-1,0
139,-0.15789473684210528,-0.10526315789473686,146,147,167,166,120,140,158,138,0,-1,1,0,0,1,-1,0
140,-0.10526315789473686,-0.10526315789473686,147,148,168,167,121,141,159,139,0,-1,1,0,0,1,-1,0
141,-0.052631578947368446,-0.10526315789473686,148,149,169,168,122,142,160,140,0,-1,1,0,0,1,-1,0
142,-2.7755575615628914e-17,-0.10526315789473686,149,150,170,169,123,143,161,141,0,-1,1,0,0,1,-1,0
143,0.05263157894736842,-0.10526315789473686,150,151,171,170,124,144,162,142,0,-1,1,0,0,1,-1,0
144,0.10526315789473684,-0.10526315789473686,151,152,172,171,125,145,163,143,0,-1,1,0,0,1,-1,0
145,0.1578947368421052,-0.10526315789473686,152,153,173,172,126,146,164,144,0,-1,1,0,0,1,-1,0
146,0.21052631578947362,-0.10526315789473686,153,154,174,173,127,147,165,145,0,-1,1,0,0,1,-1,0
147,0.2631578947368421,-0.10526315789473686,154,155,175,174,128,148,166,146,0,-1,1,0,0,1,-1,0
148,0.3157894736842105,-0.10526315789473686,155,156,176,175,129,149,167,147,0,-1,1,0,0,1,-1,0
149,0.36842105263157887,-0.10526315789473686,156,157,177,176,130,150,168,148,0,-1,1,0,0,1,-1,0
150,0.4210526315789473,-0.10526315789473686,157,158,178,177,131,151,169,149,0,-1,1,0,0,1,-1,0
151,0.47368421052631576,-0.10526315789473686,158,159,179,178,132,-1,170,150,0,-1,1,0,0,1,-1,0
152,-0.4736842105263158,-0.052631578947368446,160,161,181,180,133,153,171,-1,0,-1,1,0,0,1,-1,0
153,-0.42105263157894735,-0.052631578947368446,161,162,182,181,134,154,172,152,0,-1,1,0,0,1,-1,0
154,-0.368421052631579,-0.052631578947368446,162,163,183,182,135,155,173,153,0,-1,1,0,0,1,-1,0
155,-0.3157894736842105,-0.052631578947368446,163,164,184,183,136,156,174,154,0,-1,1,0,0,1,-1,0
156,-0.26315789473684215,-0.052631578947368446,164,165,185,184,137,157,175,155,0,-1,1,0,0,1,-1,0
157,-0.2105263157894737,-0.052631578947368446,165,166,186,185,138,158,176,156,0,-1,1,0,0,1,-1,0
158,-0.15789473684210528,-0.052631578947368446,166,167,187,186,139,159,177,157,0,-1,1,0,0,1,-1,0
159,-0.10526315789473686,-0.052631578947368446,167,168,188,187,140,160,178,158,0,-1,1,0,0,1,-1,0
160,-0.052631578947368446,-0.052631578947368446,168,169,189,188,141,161,179,159,0,-1,1,0,0,1,-1,0
161,-2.7755575615628914e-17,-0.052631578947368446,169,170,190,189,142,162,180,160,0,-1,1,0,0,1,-1,0
162,0.05263157894736842,-0.052631578947368446,170,171,191,190,143,163,181,161,0,-1,1,0,0,1,-1,0
163,0.10526315789473684,-0.052631578947368446,171,172,192,191,144,164,182,162,0,-1,1,0,0,1,-1,0
164,0.1578947368421052,-0.052631578947368446,172,173,193,192,145,165,183,163,0,-1,1,0,0,1,-1,0
165,0.21052631578947362,-0.052631578947368446,173,174,194,193,146,166,184,164,0,-1,1,0,0,1,-1,0
166,0.2631578947368421,-0.052631578947368446,174,175,195,194,147,167,185,165,0,-1,1,0,0,1,-1,0
167,0.3157894736842105,-0.052631578947368446,175,176,196,195,148,168,186,166,0,-1,1,0,0,1,-1,0
168,0.36842105263157887,-0.052631578947368446,176,177,197,196,149,169,187,167,0,-1,1,0,0,1,-1,0
169,0.4210526315789473,-0.052631578947368446,177,178,198,197,150,170,188,168,0,-1,1,0,0,1,-1,0
170,0.47368421052631576,-0.052631578947368446,178,179,199,198,151,-1,189,169,0,-1,1,0,0,1,-1,0
171,-0.4736842105263158,-2.7755575615628914e-17,180,181,201,200,152,172,190,-1,0,-1,1,0,0,1,-1,0
172,-0.42105263157894735,-2.7755575615628914e-17,181,182,202,201,153,173,191,171,0,-1,1,0,0,1,-1,0
173,-0.368421052631579,-2.7755575615628914e-17,182,183,203,202,154,174,192,172,0,-1,1,0,0,1,-1,0
174,-0.3157894736842105,-2.7755575615628914e-17,183,184,204,203,155,175,193,173,0,-1,1,0,0,1,-1,0
175,-0.26315789473684215,-2.7755575615628914e-17,184,185,205,204,156,176,194,174,0,-1,1,0,0,1,-1,0
176,-0.2105263157894737,-2.7755575615628914e-17,185,186,206,205,157,177,195,175,0,-1,1,0,0,1,-1,0
177,-0.15789473684210528,-2.7755575615628914e-17,186,187,207,206,158,178,196,176,0,-1,1,0,0,1,-1,0
178,-0.10526315789473686,-2.7755575615628914e-17,187,188,208,207,159,179,197,177,0,-1,1,0,0,1,-1,0
179,-0.052631578947368446,-2.7755575615628914e-17,188,189,209,208,160,180,198,178,0,-1,1,0,0,1,-1,0
180,-2.7755575615628914e-17,-2.7755575615628914e-17,189,190,210,209,161,181,199,179,0,-1,1,0,0,1,-1,0
181,0.05263157894736842,-2.7755575615628914e-17,190,191,211,210,162,182,200,180,0,-1,1,0,0,1,-1,0
182,0.10526315789473684,-2.7755575615628914e-17,191,192,212,211,163,183,201,181,0,-1,1,0,0,1,-1,0
183,0.1578947368421052,-2.7755575615628914e-17,192,193,213,212,164,184,202,182,0,-1,1,0,0,1,-1,0
184,0.21052631578947362,-2.7755575615628914e-17,193,194,214,213,165,185,203,183,0,-1,1,0,0,1,-1,0
185,0.2631578947368421,-2.7755575615628914e-17,194,195,215,214,166,186,204,184,0,-1,1,0,0,1,-1,0
186,0.3157894736842105,-2.7755575615628914e-17,195,196,216,215,167,187,205,185,0,-1,1,0,0,1,-1,0
187,0.36842105263157887,-2.7755575615628914e-17,196,197,217,216,168,188,206,186,0,-1,1,0,0,1,-1,0
188,0.4210526315789473,-2.7755575615628914e-17,197,198,218,217,169,189,207,187,0,-1,1,0,0,1,-1,0
189,0.47368421052631576,-2.7755575615628914e-17,198,199,219,218,170,-1,208,188,0,-1,1,0,0,1,-1,0
190,-0.4736842105263158,0.05263157894736842,200,201,221,220,171,191,209,-1,0,-1,1,0,0,1,-1,0
191,-0.42105263157894735,0.05263157894736842,201,202,222,221,172,192,210,190,0,-1,1,0,0,1,-1,0
192,-0.368421052631579,0.05263157894736842,202,203,223,222,173,193,211,191,0,-1,1,0,0,1,-1,0
193,-0.3157894736842105,0.05263157894736842,203,204,224,223,174,194,212,192,0,-1,1,0,0,1,-1,0
194,-0.26315789473684215,0.05263157894736842,204,205,225,224,175,195,213,193,0,-1,1,0,0,1,-1,0
195,-0.2105263157894737,0.05263157894736842,205,206,226,225,176,196,214,194,0,-1,1,0,0,1,-1,0
196,-0.15789473684210528,0.05263157894736842,206,207,227,226,177,197,215,195,0,-1,1,0,0,1,-1,0
197,-0.10526315789473686,0.05263157894736842,207,208,228,227,178,198,216,196,0,-1,1,0,0,1,-1,0
198,-0.052631578947368446,0.05263157894736842,208,209,229,228,179,199,217,197,0,-1,1,0,0,1,-1,0
199,-2.7755575615628914e-17,0.05263157894736842,209,210,230,229,180,200,218,198,0,-1,1,0,0,1,-1,0
200,0.05263157894736842,0.05263157894736842,210,211,231,230,181,201,219,199,0,-1,1,0,0,1,-1,0
201,0.10526315789473684,0.05263157894736842,211,212,232,231,182,202,220,200,0,-1,1,0,0,1,-1,0
202,0.1578947368421052,0.05263157894736842,212,213,233,232,183,203,221,201,0,-1,1,0,0,1,-1,0
203,0.21052631578947362,0.05263157894736842,213,214,234,233,184,204,222,202,0,-1,1,0,0,1,-1,0
204,0.2631578947368421,0.05263157894736842,214,215,235,234,185,205,223,203,0,-1,1,0,0,1,-1,0
205,0.3157894736842105,0.05263157894736842,215,216,236,235,186,206,224,204,0,-1,1,0,0,1,-1,0
206,0.36842105263157887,0.05263157894736842,216,217,237,236,187,207,225,205,0,-1,1,0,0,1,-1,0
207,0.4210526315789473,0.05263157894736842,217,218,238,237,188,208,226,206,0,-1,1,0,0,1,-1,0
208,0.47368421052631576,0.05263157894736842,218,219,239,238,189,-1,227,207,0,-1,1,0,0,1,-1,0
209,-0.4736842105263158,0.10526315789473684,220,221,241,240,190,210,228,-1,0,-1,1,0,0,1,-1,0
210,-0.42105263157894735,0.10526315789473684,221,222,242,241,191,211,229,209,0,-1,1,0,0,1,-1,0
211,-0.368421052631579,0.10526315789473684,222,223,243,242,192,212,230,210,0,-1,1,0,0,1,-1,0
212,-0.3157894736842105,0.10526315789473684,223,224,244,243,193,213,231,211,0,-1,1,0,0,1,-1,0
213,-0.26315789473684215,0.10526315789473684,224,225,245,244,194,214,232,212,0,-1,1,0,0,1,-1,0
214,-0.2105263157894737,0.10526315789473684,225,226,246,245,195,215,233,213,0,-1,1,0,0,1,-1,0
215,-0.15789473684210528,0.10526315789473684,226,227,247,246,196,216,234,214,0,-1,1,0,0,1,-1,0
216,-0.10526315789473686,0.10526315789473684,227,228,248,247,197,217,235,215,0,-1,1,0,0,1,-1,0
217,-0.052631578947368446,0.10526315789473684,228,229,249,248,198,218,236,216,0,-1,1,0,0,1,-1,0
218,-2.7755575615628914e-17,0.10526315789473684,229,230,250,249,199,219,237,217,0,-1,1,0,0,1,-1,0
219,0.05263157894736842,0.10526315789473684,230,231,251,250,200,220,238,218,0,-1,1,0,0,1,-1,0
220,0.10526315789473684,0.10526315789473684,231,232,252,251,201,221,239,219,0,-1,1,0,0,1,-1,0
221,0.1578947368421052,0.10526315789473684,232,233,253,252,202,222,240,220,0,-1,1,0,0,1,-1,0
222,0.21052631578947362,0.10526315789473684,233,234,254,253,203,223,241,221,0,-1,1,0,0,1,-1,0
223,0.2631578947368421,0.10526315789473684,234,235,255,254,204,224,242,222,0,-1,1,0,0,1,-1,0
224,0.3157894736842105,0.10526315789473684,235,236,256,255,205,225,243,223,0,-1,1,0,0,1,-1,0
225,0.36842105263157887,0.10526315789473684,236,237,257,256,206,226,244,224,0,-1,1,0,0,1,-1,0
226,0.4210526315789473,0.10526315789473684,237,238,258,257,207,227,245,225,0,-1,1,0,0,1,-1,0
227,0.47368421052631576,0.10526315789473684,238,239,259,258,208,-1,246,226,0,-1,1,0,0,1,-1,0
228,-0.4736842105263158,0.1578947368421052,240,241,261,260,209,229,247,-1,0,-1,1,0,0,1,-1,0
229,-0.42105263157894735,0.1578947368421052,241,242,262,261,210,230,248,228,0,-1,1,0,0,1,-1,0
230,-0.368421052631579,0.1578947368421052,242,243,263,262,211,231,249,229,0,-1,1,0,0,1,-1,0
231,-0.3157894736842105,0.1578947368421052,243,244,264,263,212,232,250,230,0,-1,1,0,0,1,-1,0
232,-0.26315789473684215,0.1578947368421052,244,245,265,264,213,233,251,231,0,-1,1,0,0,1,-1,0
233,-0.2105263157894737,0.1578947368421052,245,246,266,265,214,234,252,232,0,-1,1,0,0,1,-1,0
234,-0.15789473684210528,0.1578947368421052,246,247,267,266,215,235,253,233,0,-1,1,0,0,1,-1,0
235,-0.10526315789473686,0.1578947368421052,247,248,268,267,216,236,254,234,0,-1,1,0,0,1,-1,0
236,-0.052631578947368446,0.1578947368421052,248,249,269,268,217,237,255,235,0,-1,1,0,0,1,-1,0
237,-2.7755575615628914e-17,0.1578947368421052,249,250,270,269,218,238,256,236,0,-1,1,0,0,1,-1,0
238,0.05263157894736842,0.1578947368421052,250,251,271,270,219,239,257,237,0,-1,1,0,0,1,-1,0
239,0.10526315789473684,0.1578947368421052,251,252,272,271,220,240,258,238,0,-1,1,0,0,1,-1,0
240,0.1578947368421052,0.1578947368421052,252,253,273,272,221,241,259,239,0,-1,1,0,0,1,-1,0
241,0.21052631578947362,0.1578947368421052,253,254,274,273,222,242,260,240,0,-1,1,0,0,1,-1,0
242,0.2631578947368421,0.1578947368421052,254,255,275,274,223,243,261,241,0,-1,1,0,0,1,-1,0
243,0.3157894736842105,0.1578947368421052,255,256,276,275,224,244,262,242,0,-1,1,0,0,1,-1,0
244,0.36842105263157887,0.1578947368421052,256,257,277,276,225,245,263,243,0,-1,1,0,0,1,-1,0
245,0.4210526315789473,0.1578947368421052,257,258,278,277,226,246,264,244,0,-1,1,0,0,1,-1,0
246,0.47368421052631576,0.1578947368421052,258,259,279,278,227,-1,265,245,0,-1,1,0,0,1,-1,0
247,-0.4736842105263158,0.21052631578947362,260,261,281,280,228,248,266,-1,0,-1,1,0,0,1,-1,0
248,-0.42105263157894735,0.21052631578947362,261,262,282,281,229,249,267,247,0,-1,1,0,0,1,-1,0
249,-0.368421052631579,0.21052631578947362,262,263,283,282,230,250,268,248,0,-1,1,0,0,1,-1,0
250,-0.3157894736842105,0.21052631578947362,263,264,284,283,231,251,269,249,0,-1,1,0,0,1,-1,0
251,-0.26315789473684215,0.21052631578947362,264,265,285,284,232,252,270,250,0,-1,1,0,0,1,-1,0
252,-0.2105263157894737,0.21052631578947362,265,266,286,285,233,253,271,251,0,-1,1,0,0,1,-1,0
253,-0.15789473684210528,0.21052631578947362,266,267,287,286,234,254,272,252,0,-1,1,0,0,1,-1,0
254,-0.10526315789473686,0.21052631578947362,267,268,288,287,235,255,273,253,0,-1,1,0,0,1,-1,0
255,-0.052631578947368446,0.21052631578947362,268,269,289,288,236,256,274,254,0,-1,1,0,0,1,-1,0
256,-2.7755575615628914e-17,0.21052631578947362,269,270,290,289,237,257,275,255,0,-1,1,0,0,1,-1,0
257,0.05263157894736842,0.21052631578947362,270,271,291,290,238,258,276,256,0,-1,1,0,0,1,-1,0
258,0.10526315789473684,0.21052631578947362,271,272,292,291,239,259,277,257,0,-1,1,0,0,1,-1,0
259,0.1578947368421052,0.21052631578947362,272,273,293,292,240,260,278,258,0,-1,1,0,0,1,-1,0
260,0.21052631578947362,0.21052631578947362,273,274,294,293,241,261,279,259,0,-1,1,0,0,1,-1,0
261,0.2631578947368421,0.21052631578947362,274,275,295,294,242,262,280,260,0,-1,1,0,0,1,-1,0
262,0.3157894736842105,0.21052631578947362,275,276,296,295,243,263,281,261,0,-1,1,0,0,1,-1,0
263,0.36842105263157887,0.21052631578947362,276,277,297,296,244,264,282,262,0,-1,1,0,0,1,-1,0
264,0.4210526315789473,0.21052631578947362,277,278,298,297,245,265,283,263,0,-1,1,0,0,1,-1,0
265,0.47368421052631576,0.21052631578947362,278,279,299,298,246,-1,284,264,0,-1,1,0,0,1,-1,0
266,-0.4736842105263158,0.2631578947368421,280,281,301,300,247,267,285,-1,0,-1,1,0,0,1,-1,0
267,-0.42105263157894735,0.2631578947368421,281,282,302,301,248,268,286,266,0,-1,1,0,0,1,-1,0
268,-0.368421052631579,0.2631578947368421,282,283,303,302,249,269,287,267,0,-1,1,0,0,1,-1,0
269,-0.3157894736842105,0.2631578947368421,283,284,304,303,250,270,288,268,0,-1,1,0,0,1,-1,0
270,-0.26315789473684215,0.2631578947368421,284,285,305,304,251,271,289,269,0,-1,1,0,0,1,-1,0
271,-0.2105263157894737,0.2631578947368421,285,286,306,305,252,272,290,270,0,-1,1,0,0,1,-1,0
272,-0.15789473684210528,0.2631578947368421,286,287,307,306,253,273,291,271,0,-1,1,0,0,1,-1,0
273,-0.10526315789473686,0.2631578947368421,287,288,308,307,254,274,292,272,0,-1,1,0,0,1,-1,0
274,-0.052631578947368446,0.2631578947368421,288,289,309,308,255,275,293,273,0,-1,1,0,0,1,-1,0
275,-2.7755575615628914e-17,0.2631578947368421,289,290,310,309,256,276,294,274,0,-1,1,0,0,1,-1,0
276,0.05263157894736842,0.2631578947368421,290,291,311,310,257,277,295,275,0,-1,1,0,0,1,-1,0
277,0.10526315789473684,0.2631578947368421,291,292,312,311,258,278,296,276,0,-1,1,0,0,1,-1,0
278,0.1578947368421052,0.2631578947368421,292,293,313,312,259,279,297,277,0,-1,1,0,0,1,-1,0
279,0.21052631578947362,0.2631578947368421,293,294,314,313,260,280,298,278,0,-1,1,0,0,1,-1,0
280,0.2631578947368421,0.2631578947368421,294,295,315,314,261,281,299,279,0,-1,1,0,0,1,-1,0
281,0.3157894736842105,0.2631578947368421,295,296,316,315,262,282,300,280,0,-1,1,0,0,1,-1,0
282,0.36842105263157887,0.2631578947368421,296,297,317,316,263,283,301,281,0,-1,1,0,0,1,-1,0
283,0.4210526315789473,0.2631578947368421,297,298,318,317,264,284,302,282,0,-1,1,0,0,1,-1,0
284,0.47368421052631576,0.2631578947368421,298,299,319,318,265,-1,303,283,0,-1,1,0,0,1,-1,0
285,-0.4736842105263158,0.3157894736842105,300,301,321,320,266,286,304,-1,0,-1,1,0,0,1,-1,0
286,-0.42105263157894735,0.3157894736842105,301,302,322,321,267,287,305,285,0,-1,1,0,0,1,-1,0
287,-0.368421052631579,0.3157894736842105,302,303,323,322,268,288,306,286,0,-1,1,0,0,1,-1,0
288,-0.3157894736842105,0.3157894736842105,303,304,324,323,269,289,307,287,0,-1,1,0,0,1,-1,0
289,-0.26315789473684215,0.3157894736842105,304,305,325,324,270,290,308,288,0,-1,1,0,0,1,-1,0
290,-0.2105263157894737,0.3157894736842105,305,306,326,325,271,291,309,289,0,-1,1,0,0,1,-1,0
291,-0.15789473684210528,0.3157894736842105,306,307,327,326,272,292,310,290,0,-1,1,0,0,1,-1,0
292,-0.10526315789473686,0.3157894736842105,307,308,328,327,273,293,311,291,0,-1,1,0,0,1,-1,0
293,-0.052631578947368446,0.3157894736842105,308,309,329,328,274,294,312,292,0,-1,1,0,0,1,-1,0
294,-2.7755575615628914e-17,0.3157894736842105,309,310,330,329,275,295,313,293,0,-1,1,0,0,1,-1,0
295,0.05263157894736842,0.3157894736842105,310,311,331,330,276,296,314,294,0,-1,1,0,0,1,-1,0
296,0.10526315789473684,0.3157894736842105,311,312,332,331,277,297,315,295,0,-1,1,0,0,1,-1,0
297,0.1578947368421052,0.3157894736842105,312,313,333,332,278,298,316,296,0,-1,1,0,0,1,-1,0
298,0.21052631578947362,0.3157894736842105,313,314,334,333,279,299,317,297,0,-1,1,0,0,1,-1,0
299,0.2631578947368421,0.3157894736842105,314,315,335,334,280,300,318,298,0,-1,1,0,0,1,-1,0
300,0.3157894736842105,0.3157894736842105,315,316,336,335,281,301,319,299,0,-1,1,0,0,1,-1,0
301,0.36842105263157887,0.3157894736842105,316,317,337,336,282,302,320,300,0,-1,1,0,0,1,-1,0
302,0.4210526315789473,0.3157894736842105,317,318,338,337,283,303,321,301,0,-1,1,0,0,1,-1,0
303,0.47368421052631576,0.3157894736842105,318,319,339,338,284,-1,322,302,0,-1,1,0,0,1,-1,0
304,-0.4736842105263158,0.36842105263157887,320,321,341,340,285,305,323,-1,0,-1,1,0,0,1,-1,0
305,-0.42105263157894735,0.36842105263157887,321,322,342,341,286,306,324,304,0,-1,1,0,0,1,-1,0
306,-0.368421052631579,0.36842105263157887,322,323,343,342,287,307,325,305,0,-1,1,0,0,1,-1,0
307,-0.3157894736842105,0.36842105263157887,323,324,344,343,288,308,326,306,0,-1,1,0,0,1,-1,0
308,-0.26315789473684215,0.36842105263157887,324,325,345,344,289,309,327,307,0,-1,1,0,0,1,-1,0
309,-0.2105263157894737,0.36842105263157887,325,326,346,345,290,310,328,308,0,-1,1,0,0,1,-1,0
310,-0.15789473684210528,0.36842105263157887,326,327,347,346,291,311,329,309,0,-1,1,0,0,1,-1,0
311,-0.10526315789473686,0.36842105263157887,327,328,348,347,292,312,330,310,0,-1,1,0,0,1,-1,0
312,-0.052631578947368446,0.36842105263157887,328,329,349,348,293,313,331,311,0,-1,1,0,0,1,-1,0
313,-2.7755575615628914e-17,0.36842105263157887,329,330,350,349,294,314,332,312,0,-1,1,0,0,1,-1,0
314,0.05263157894736842,0.36842105263157887,330,331,351,350,295,315,333,313,0,-1,1,0,0,1,-1,0
315,0.10526315789473684,0.36842105263157887,331,332,352,351,296,316,334,314,0,-1,1,0,0,1,-1,0
316,0.1578947368421052,0.36842105263157887,332,333,353,352,297,317,335,315,0,-1,1,0,0,1,-1,0
317,0.21052631578947362,0.36842105263157887,333,334,354,353,298,318,336,316,0,-1,1,0,0,1,-1,0
318,0.2631578947368421,0.36842105263157887,334,335,355,354,299,319,337,317,0,-1,1,0,0,1,-1,0
319,0.3157894736842105,0.36842105263157887,335,336,356,355,300,320,338,318,0,-1,1,0,0,1,-1,0
320,0.36842105263157887,0.36842105263157887,336,337,357,356,301,321,339,319,0,-1,1,0,0,1,-1,0
321,0.4210526315789473,0.36842105263157887,337,338,358,357,302,322,340,320,0,-1,1,0,0,1,-1,0
322,0.47368421052631576,0.36842105263157887,338,339,359,358,303,-1,341,321,0,-1,1,0,0,1,-1,0
323,-0.4736842105263158,0.4210526315789473,340,341,361,360,304,324,342,-1,0,-1,1,0,0,1,-1,0
324,-0.42105263157894735,0.4210526315789473,341,342,362,361,305,325,343,323,0,-1,1,0,0,1,-1,0
325,-0.368421052631579,0.4210526315789473,342,343,363,362,306,326,344,324,0,-1,1,0,0,1,-1,0
326,-0.3157894736842105,0.4210526315789473,343,344,364,363,307,327,345,325,0,-1,1,0,0,1,-1,0
327,-0.26315789473684215,0.4210526315789473,344,345,365,364,308,328,346,326,0,-1,1,0,0,1,-1,0
328,-0.2105263157894737,0.4210526315789473,345,346,366,365,309,329,347,327,0,-1,1,0,0,1,-1,0
329,-0.15789473684210528,0.4210526315789473,346,347,367,366,310,330,348,328,0,-1,1,0,0,1,-1,0
330,-0.10526315789473686,0.4210526315789473,347,348,368,367,311,331,349,329,0,-1,1,0,0,1,-1,0
331,-0.052631578947368446,0.4210526315789473,348,349,369,368,312,332,350,330,0,-1,1,0,0,1,-1,0
332,-2.7755575615628914e-17,0.4210526315789473,349,350,370,369,313,333,351,331,0,-1,1,0,0,1,-1,0
333,0.05263157894736842,0.4210526315789473,350,351,371,370,314,334,352,332,0,-1,1,0,0,1,-1,0
334,0.10526315789473684,0.4210526315789473,351,352,372,371,315,335,353,333,0,-1,1,0,0,1,-1,0
335,0.1578947368421052,0.4210526315789473,352,353,373,372,316,336,354,334,0,-1,1,0,0,1,-1,0
336,0.21052631578947362,0.4210526315789473,353,354,374,373,317,337,355,335,0,-1,1,0,0,1,-1,0
337,0.2631578947368421,0.4210526315789473,354,355,375,374,318,338,356,336,0,-1,1,0,0,1,-1,0
338,0.3157894736842105,0.4210526315789473,355,356,376,375,319,339,357,337,0,-1,1,0,0,1,-1,0
339,0.36842105263157887,0.4210526315789473,356,357,377,376,320,340,358,338,0,-1,1,0,0,1,-1,0
340,0.4210526315789473,0.4210526315789473,357,358,378,377,321,341,359,339,0,-1,1,0,0,1,-1,0
341,0.47368421052631576,0.4210526315789473,358,359,379,378,322,-1,360,340,0,-1,1,0,0,1,-1,0
342,-0.4736842105263158,0.47368421052631576,360,361,381,380,323,343,-1,-1,0,-1,1,0,0,1,-1,0
343,-0.42105263157894735,0.47368421052631576,361,362,382,381,324,344,-1,342,0,-1,1,0,0,1,-1,0
344,-0.368421052631579,0.47368421052631576,362,363,383,382,325,345,-1,343,0,-1,1,0,0,1,-1,0
345,-0.3157894736842105,0.47368421052631576,363,364,384,383,326,346,-1,344,0,-1,1,0,0,1,-1,0
346,-0.26315789473684215,0.47368421052631576,364,365,385,384,327,347,-1,345,0,-1,1,0,0,1,-1,0
347,-0.2105263157894737,0.47368421052631576,365,366,386,385,328,348,-1,346,0,-1,1,0,0,1,-1,0
348,-0.15789473684210528,0.47368421052631576,366,367,387,386,329,349,-1,347,0,-1,1,0,0,1,-1,0
349,-0.10526315789473686,0.47368421052631576,367,368,388,387,330,350,-1,348,0,-1,1,0,0,1,-1,0
350,-0.052631578947368446,0.47368421052631576,368,369,389,388,331,351,-1,349,0,-1,1,0,0,1,-1,0
351,-2.7755575615628914e-17,0.47368421052631576,369,370,390,389,332,352,-1,350,0,-1,1,0,0,1,-1,0
352,0.05263157894736842,0.47368421052631576,370,371,391,390,333,353,-1,351,0,-1,1,0,0,1,-1,0
353,0.10526315789473684,0.47368421052631576,371,372,392,391,334,354,-1,352,0,-1,1,0,0,1,-1,0
354,0.1578947368421052,0.47368421052631576,372,373,393,392,335,355,-1,353,0,-1,1,0,0,1,-1,0
355,0.21052631578947362,0.47368421052631576,373,374,394,393,336,356,-1,354,0,-1,1,0,0,1,-1,0
356,0.2631578947368421,0.47368421052631576,374,375,395,394,337,357,-1,355,0,-1,1,0,0,1,-1,0
357,0.3157894736842105,0.47368421052631576,375,376,396,395,338,358,-1,356,0,-1,1,0,0,1,-1,0
358,0.36842105263157887,0.47368421052631576,376,377,397,396,339,359,-1,357,0,-1,1,0,0,1,-1,0
359,0.4210526315789473,0.47368421052631576,377,378,398,397,340,360,-1,358,0,-1,1,0,0,1,-1,0
360,0.47368421052631576,0.47368421052631576,378,379,399,398,341,-1,-1,359,0,-1,1,0,0,1,-1,0
